,Player,FG,FGA,3P,FT,FTA,ORB,DRB,AST,STL,BLK,TOV,PTS
0,Precious Achiuwa,124,228,0,56,110,73,135,29,20,28,43,304
1,Jaylen Adams,1,8,0,0,0,0,3,2,0,0,0,2
2,Steven Adams,189,308,0,60,135,213,301,111,54,38,78,438
3,Bam Adebayo,456,800,2,283,354,142,431,346,75,66,169,1197
4,LaMarcus Aldridge,140,296,31,41,47,19,99,49,11,29,27,352
5,LaMarcus Aldridge,115,248,27,31,37,17,77,36,8,18,20,288
6,LaMarcus Aldridge,25,48,4,10,10,2,22,13,3,11,7,64
7,Ty-Shon Alexander,3,12,2,1,2,2,8,6,0,1,3,9
8,Nickeil Alexander-Walker,192,458,76,48,66,13,131,102,47,22,69,508
9,Grayson Allen,173,414,107,79,91,19,141,108,46,8,48,532
10,Jarrett Allen,298,482,6,204,290,196,435,106,32,90,100,806
11,Jarrett Allen,44,65,0,46,61,38,87,20,7,19,22,134
12,Jarrett Allen,254,417,6,158,229,158,348,86,25,71,78,672
13,Al-Farouq Aminu,38,99,8,18,22,22,88,31,19,9,28,102
14,Al-Farouq Aminu,36,89,7,14,17,20,71,29,17,9,25,93
15,Al-Farouq Aminu,2,10,1,4,5,2,17,2,2,0,3,9
16,Kyle Anderson,308,658,94,144,184,52,344,250,84,57,86,854
17,Giannis Antetokounmpo,626,1100,67,398,581,97,574,357,72,73,207,1717
18,Kostas Antetokounmpo,3,10,0,6,13,4,15,1,2,4,11,12
19,Thanasis Antetokounmpo,67,137,7,25,49,54,70,46,22,10,43,166
20,Carmelo Anthony,327,777,133,137,154,32,182,104,46,38,61,924
21,Cole Anthony,219,552,58,109,131,38,183,192,30,18,106,605
22,OG Anunoby,249,519,104,80,102,54,183,94,66,32,75,682
23,Ryan Arcidiacono,49,117,25,13,20,5,62,56,9,0,10,136
24,Trevor Ariza,99,241,50,34,44,27,117,55,31,18,21,282
25,D.J. Augustin,135,343,83,85,94,20,74,188,28,1,65,438
26,D.J. Augustin,71,192,49,36,40,11,39,110,20,1,34,227
27,D.J. Augustin,64,151,34,49,54,9,35,78,8,0,31,211
28,Deni Avdija,130,312,53,29,45,22,240,63,32,15,33,342
29,Deandre Ayton,430,687,4,133,173,228,499,99,41,81,103,997
30,Udoka Azubuike,4,9,0,8,10,4,9,0,1,4,3,16
31,Dwayne Bacon,292,726,59,145,176,31,193,93,45,5,46,788
32,Marvin Bagley III,247,490,37,77,134,106,212,43,21,21,59,608
33,LaMelo Ball,293,672,92,125,165,63,239,313,81,18,145,803
34,Lonzo Ball,290,700,172,50,64,33,230,316,82,31,123,802
35,Mo Bamba,142,301,38,45,66,76,189,35,14,58,36,367
36,Desmond Bane,234,499,117,40,49,31,179,118,41,16,59,625
37,Harrison Barnes,319,642,100,195,235,64,321,201,43,11,93,933
38,RJ Barrett,467,1060,124,206,276,68,346,217,53,20,139,1264
39,Will Barton,259,608,98,95,121,39,187,181,50,23,96,711
40,Keita Bates-Diop,30,67,5,14,21,9,40,12,11,5,7,79
41,Nicolas Batum,191,412,110,48,58,50,266,148,69,37,53,540
42,Aron Baynes,134,304,27,29,41,87,186,47,17,23,46,324
43,Kent Bazemore,176,392,75,54,78,26,203,108,69,33,82,481
44,Darius Bazley,273,690,83,125,178,51,345,99,29,25,122,754
45,Bradley Beal,670,1382,130,408,459,72,211,265,69,22,187,1878
46,Malik Beasley,264,600,128,68,80,28,134,88,30,7,60,724
47,Jordan Bell,7,22,0,1,2,7,17,7,3,5,4,15
48,Jordan Bell,7,20,0,0,0,6,13,5,3,3,3,14
49,Jordan Bell,0,2,0,1,2,1,4,2,0,2,1,1
50,DeAndre' Bembry,117,228,14,45,66,33,113,107,53,18,71,293
51,Dāvis Bertāns,193,478,169,100,115,18,150,49,33,13,33,655
52,Patrick Beverley,93,220,56,36,45,29,90,76,29,28,34,278
53,Saddiq Bey,279,691,175,124,147,43,275,95,52,14,60,857
54,Tyler Bey,7,22,1,3,5,8,11,3,0,1,3,18
55,Khem Birch,189,380,13,91,129,174,213,89,48,50,44,482
56,Khem Birch,94,209,4,63,85,117,126,53,32,28,23,255
57,Khem Birch,95,171,9,28,44,57,87,36,16,22,21,227
58,Goga Bitadze,83,194,20,45,61,60,90,37,9,60,17,231
59,Bismack Biyombo,142,242,0,47,105,137,210,81,17,74,71,331
60,Nemanja Bjelica,89,196,27,37,51,29,98,69,15,5,33,242
61,Nemanja Bjelica,69,150,17,32,42,24,76,49,8,2,28,187
62,Nemanja Bjelica,20,46,10,5,9,5,22,20,7,3,5,55
63,Eric Bledsoe,307,730,121,134,195,29,215,268,55,24,114,869
64,Keljin Blevins,5,20,2,0,0,3,7,4,2,0,5,12
65,Bogdan Bogdanović,267,565,146,40,44,20,140,147,49,13,54,720
66,Bojan Bogdanović,406,925,180,233,265,40,241,136,45,4,128,1225
67,Bol Bol,25,58,9,10,15,0,24,7,3,10,13,69
68,Marques Bolden,1,3,0,5,8,3,3,0,2,2,2,7
69,Jordan Bone,23,54,10,0,0,4,20,18,2,0,3,56
70,Isaac Bonga,30,81,13,5,8,18,48,23,11,9,22,78
71,Devin Booker,623,1287,126,340,392,34,247,289,53,16,207,1712
72,Chris Boucher,288,560,90,152,193,117,287,63,35,111,46,818
73,Brian Bowen,1,4,0,1,1,0,3,0,0,0,0,3
74,Avery Bradley,64,171,33,12,15,8,49,46,21,3,28,173
75,Avery Bradley,31,66,16,7,9,2,16,14,7,1,9,85
76,Avery Bradley,33,105,17,5,6,6,33,32,14,2,19,88
77,Tony Bradley,131,197,0,38,55,85,154,37,15,30,33,300
78,Tony Bradley,51,75,0,7,11,39,65,17,6,13,6,109
79,Tony Bradley,80,122,0,31,44,46,89,20,9,17,27,191
80,Jarrell Brantley,25,52,12,2,2,9,18,15,7,2,8,64
81,Ignas Brazdeikis,35,83,11,10,14,11,34,17,4,3,12,91
82,Ignas Brazdeikis,0,1,0,2,2,1,1,1,0,0,1,2
83,Ignas Brazdeikis,0,3,0,0,0,0,2,0,0,0,0,0
84,Ignas Brazdeikis,35,79,11,8,12,10,31,16,4,3,11,89
85,Mikal Bridges,363,669,134,110,131,76,233,152,76,63,57,970
86,Miles Bridges,313,622,116,98,113,81,316,147,44,52,106,840
87,Amida Brimah,5,8,0,3,3,2,6,1,0,5,4,13
88,Oshae Brissett,73,151,33,50,65,29,86,18,19,20,10,229
89,Malcolm Brogdon,444,980,145,153,177,58,236,329,49,15,115,1186
90,Armoni Brooks,78,192,60,7,12,10,58,30,12,5,22,223
91,Dillon Brooks,432,1031,128,159,195,53,143,157,78,26,119,1151
92,Bruce Brown,235,423,17,86,117,111,238,104,58,28,54,573
93,Charlie Brown,13,43,5,9,10,3,14,9,4,2,6,40
94,Jaylen Brown,538,1111,163,191,250,71,276,195,72,32,158,1430
95,Moses Brown,146,268,0,78,126,154,229,10,31,47,43,370
96,Sterling Brown,150,335,91,25,31,38,186,72,38,12,41,416
97,Troy Brown Jr.,62,144,22,15,21,20,85,29,10,6,21,161
98,Troy Brown Jr.,33,89,14,10,15,11,50,19,3,4,16,90
99,Troy Brown Jr.,29,55,8,5,6,9,35,10,7,2,5,71
100,Jalen Brunson,328,627,81,120,151,27,204,239,35,1,80,857
101,Elijah Bryant,6,13,1,3,3,2,4,3,0,1,4,16
102,Thomas Bryant,59,91,9,16,24,18,43,15,4,8,11,143
103,Reggie Bullock,248,561,163,50,55,16,207,99,52,11,45,709
104,Trey Burke,151,353,58,51,57,10,44,81,36,7,33,411
105,Alec Burks,210,500,102,101,118,21,206,107,31,14,49,623
106,Jimmy Butler,366,736,25,359,416,94,265,369,108,18,109,1116
107,Bruno Caboclo,8,17,0,1,2,3,11,1,0,2,4,17
108,Devontae Cacok,17,29,0,5,11,12,20,1,5,4,5,39
109,Kentavious Caldwell-Pope,218,506,120,97,112,27,152,127,62,26,66,653
110,Facundo Campazzo,120,315,76,80,91,22,112,232,79,14,73,396
111,Vlatko Čančar,33,72,9,10,13,11,39,14,11,2,14,85
112,Devin Cannady,11,28,6,6,7,0,5,1,5,1,2,34
113,Clint Capela,413,695,0,130,227,297,606,49,44,129,73,956
114,Vernon Carey Jr.,18,36,1,9,11,6,21,2,1,5,5,46
115,Jevon Carter,94,223,56,4,7,16,76,71,29,9,16,248
116,Wendell Carter Jr.,230,457,15,131,179,132,311,104,35,42,78,606
117,Wendell Carter Jr.,129,252,8,82,111,70,180,69,18,24,49,348
118,Wendell Carter Jr.,101,205,7,49,68,62,131,35,17,18,29,258
119,Michael Carter-Williams,105,270,15,49,80,39,100,129,25,17,69,274
120,Alex Caruso,133,305,55,49,76,31,139,160,64,15,76,370
121,Willie Cauley-Stein,115,182,1,49,78,66,170,35,21,43,29,280
122,Chris Chiozza,31,88,13,13,17,3,21,65,7,6,16,88
123,Marquese Chriss,5,14,1,2,4,3,10,2,0,2,2,13
124,Gary Clark,40,132,31,8,10,33,82,31,13,7,17,119
125,Gary Clark,40,131,31,8,10,33,79,30,12,7,17,119
126,Gary Clark,0,0,0,0,0,0,1,0,0,0,0,0
127,Gary Clark,0,1,0,0,0,0,2,1,1,0,0,0
128,Brandon Clarke,256,495,20,78,113,97,231,95,60,51,33,610
129,Jordan Clarkson,457,1075,208,129,144,47,227,168,61,10,115,1251
130,Nicolas Claxton,90,145,1,31,64,43,123,28,23,40,18,212
131,Amir Coffey,45,103,23,27,38,10,34,22,10,0,15,140
132,John Collins,429,771,83,170,204,118,349,78,34,63,84,1111
133,Mike Conley,284,640,138,121,142,36,141,305,70,9,99,827
134,Pat Connaughton,168,387,101,31,40,63,269,81,49,23,33,468
135,Quinn Cook,29,68,11,7,8,2,15,18,4,1,7,76
136,Quinn Cook,12,26,5,4,5,0,5,5,1,1,3,33
137,Quinn Cook,17,42,6,3,3,2,10,13,3,0,4,43
138,Tyler Cook,69,103,1,17,35,28,67,17,8,2,21,156
139,Tyler Cook,1,3,0,0,0,1,1,2,0,0,1,2
140,Tyler Cook,68,100,1,17,35,27,66,15,8,2,20,154
141,DeMarcus Cousins,130,305,47,59,81,53,210,76,34,24,64,366
142,DeMarcus Cousins,79,210,39,44,59,30,161,60,21,18,39,241
143,DeMarcus Cousins,51,95,8,15,22,23,49,16,13,6,25,125
144,Robert Covington,204,509,135,50,62,61,405,117,101,84,64,593
145,Torrey Craig,109,227,39,17,22,57,140,49,28,26,25,274
146,Torrey Craig,18,46,8,1,2,13,30,16,9,7,5,45
147,Torrey Craig,91,181,31,16,20,44,110,33,19,19,20,229
148,Jae Crowder,199,492,148,57,75,32,250,127,48,27,55,603
149,Jarrett Culver,69,168,13,29,48,34,70,24,17,9,28,180
150,Seth Curry,258,552,126,69,77,10,126,155,44,8,65,711
151,Stephen Curry,658,1365,337,362,395,29,316,363,77,8,213,2015
152,Nate Darling,2,7,2,3,3,1,0,1,0,1,1,9
153,Anthony Davis,301,613,26,158,214,62,224,110,45,59,74,786
154,Ed Davis,19,44,0,10,12,46,69,21,13,13,7,48
155,Terence Davis,195,456,98,45,55,20,134,83,44,14,63,533
156,Terence Davis,87,210,44,16,18,9,57,37,17,7,29,234
157,Terence Davis,108,246,54,29,37,11,77,46,27,7,34,299
158,Gabriel Deck,32,67,2,18,22,16,24,24,8,0,6,84
159,Dewayne Dedmon,46,65,1,20,27,28,58,12,9,6,13,113
160,Matthew Dellavedova,14,56,4,4,4,6,18,58,4,1,6,36
161,DeMar DeRozan,455,920,19,387,440,40,219,422,56,15,119,1316
162,Mamadi Diakite,16,40,1,11,14,8,26,8,7,6,3,44
163,Hamidou Diallo,224,470,28,128,200,59,213,101,41,24,76,604
164,Hamidou Diallo,143,297,12,83,132,37,128,77,31,12,49,381
165,Hamidou Diallo,81,173,16,45,68,22,85,24,10,12,27,223
166,Gorgui Dieng,85,163,30,58,67,40,100,48,26,16,32,258
167,Gorgui Dieng,56,108,23,38,43,28,70,29,17,14,22,173
168,Gorgui Dieng,29,55,7,20,24,12,30,19,9,2,10,85
169,Spencer Dinwiddie,6,16,2,6,6,0,13,9,2,1,5,20
170,Donte DiVincenzo,253,603,131,51,71,81,299,203,72,15,91,688
171,Luka Dončić,647,1351,192,344,471,54,473,567,64,36,281,1830
172,Luguentz Dort,247,639,113,122,164,38,151,88,45,19,79,729
173,Damyean Dotson,119,293,46,24,36,5,88,91,16,4,42,308
174,Devon Dotson,11,21,1,0,0,2,3,7,4,0,0,23
175,Sekou Doumbouya,107,282,26,45,64,39,104,47,24,9,44,285
176,PJ Dozier,148,355,47,42,66,35,147,92,31,22,46,385
177,Goran Dragić,240,555,91,101,122,25,144,219,33,8,118,672
178,Andre Drummond,282,572,0,123,205,166,385,94,63,49,124,687
179,Andre Drummond,180,380,0,77,129,101,236,64,40,29,81,437
180,Andre Drummond,102,192,0,46,76,65,149,30,23,20,43,250
181,Jared Dudley,2,9,2,0,0,4,17,5,1,1,2,6
182,Kris Dunn,1,12,0,3,4,0,6,2,2,2,3,5
183,Kevin Durant,324,603,85,210,238,13,234,195,25,45,120,943
184,Anthony Edwards,505,1211,171,211,272,59,277,211,82,36,160,1392
185,Carsen Edwards,47,111,18,11,13,3,23,14,7,1,7,123
186,CJ Elleby,25,66,7,11,15,11,21,10,6,3,5,68
187,Henry Ellenson,5,14,2,3,4,3,9,5,0,0,0,15
188,Wayne Ellington,149,338,116,28,35,12,73,67,18,9,33,442
189,Joel Embiid,461,899,58,471,548,113,426,145,50,69,159,1451
190,James Ennis,115,243,45,70,87,43,123,62,32,7,36,345
191,Drew Eubanks,116,205,2,77,106,74,167,42,18,49,45,311
192,Dante Exum,10,26,2,1,2,2,15,13,4,2,7,23
193,Tacko Fall,21,29,0,5,15,16,36,3,1,20,6,47
194,Derrick Favors,155,243,0,59,80,138,238,44,32,68,36,369
195,Cristiano Felício,7,13,0,9,16,10,16,9,4,0,4,23
196,Terrance Ferguson,1,7,0,0,0,0,1,2,1,0,4,2
197,Bruno Fernando,18,44,0,15,22,16,62,10,4,3,21,51
198,Yogi Ferrell,20,57,9,7,9,5,14,22,7,3,3,56
199,Yogi Ferrell,8,21,3,0,2,3,4,5,3,1,3,19
200,Yogi Ferrell,12,36,6,7,7,2,10,17,4,2,0,37
201,Dorian Finney-Smith,220,466,119,31,41,98,228,102,52,25,48,590
202,Malik Fitts,1,3,1,0,0,0,3,0,0,0,0,3
203,Malachi Flynn,127,340,54,45,56,10,106,137,38,7,43,353
204,Bryn Forbes,250,529,154,47,61,11,101,45,24,1,44,701
205,Trent Forrest,32,71,5,19,19,11,33,45,9,4,21,88
206,Evan Fournier,247,541,117,108,137,10,118,144,47,19,73,719
207,Evan Fournier,170,369,73,98,123,5,70,95,27,9,54,511
208,Evan Fournier,77,172,44,10,14,5,48,49,20,10,19,208
209,De'Aaron Fox,529,1110,103,300,417,33,170,417,87,27,174,1461
210,Robert Franks,13,28,5,12,13,6,8,5,3,3,2,43
211,Tim Frazier,3,20,0,2,6,0,8,16,2,1,4,8
212,Markelle Fultz,41,104,4,17,19,5,20,43,8,2,18,103
213,Wenyen Gabriel,24,60,13,11,17,20,34,11,9,8,15,72
214,Daniel Gafford,154,225,0,72,108,94,137,29,26,75,41,380
215,Daniel Gafford,60,87,0,27,41,44,59,17,11,34,22,147
216,Daniel Gafford,94,138,0,45,67,50,78,12,15,41,19,233
217,Danilo Gallinari,206,475,103,161,174,17,194,76,30,10,43,676
218,Langston Galloway,66,147,36,22,23,7,35,26,8,0,13,190
219,Darius Garland,362,802,105,112,132,23,106,329,66,6,164,941
220,Marc Gasol,88,194,50,36,50,38,177,109,26,58,53,262
221,Rudy Gay,264,628,106,82,102,42,261,88,45,40,65,716
222,Paul George,445,953,171,198,228,45,314,280,62,24,179,1259
223,Taj Gibson,99,158,3,40,55,99,151,36,31,49,22,241
224,Harry Giles,42,97,8,16,27,31,102,29,8,13,20,108
225,Shai Gilgeous-Alexander,287,565,71,185,229,19,147,207,27,23,106,830
226,Anthony Gill,30,60,7,13,16,16,35,11,10,4,8,80
227,Freddie Gillespie,44,84,0,23,33,42,55,9,13,20,12,111
228,Rudy Gobert,391,579,0,233,374,240,720,89,40,190,118,1015
229,Brandon Goodwin,84,223,32,28,43,8,61,95,17,0,36,228
230,Aaron Gordon,231,499,59,97,149,77,207,161,33,34,97,618
231,Aaron Gordon,128,293,42,66,105,39,127,105,16,20,67,364
232,Aaron Gordon,103,206,17,31,44,38,80,56,17,14,30,254
233,Eric Gordon,159,367,69,94,114,8,50,71,14,13,51,481
234,Devonte' Graham,252,669,179,133,158,22,126,295,48,6,84,816
235,Jerami Grant,400,932,115,290,343,35,215,152,35,58,109,1205
236,Danny Green,224,544,175,31,40,55,205,118,92,56,67,654
237,Draymond Green,170,380,34,70,88,55,394,558,105,52,188,444
238,JaMychal Green,173,374,79,46,57,85,192,53,26,22,53,471
239,Javonte Green,53,102,10,30,40,26,45,17,28,6,19,146
240,Javonte Green,39,71,7,20,30,20,32,11,18,2,13,105
241,Javonte Green,14,31,3,10,10,6,13,6,10,4,6,41
242,Jeff Green,261,530,103,125,161,34,229,108,36,27,54,750
243,Josh Green,42,93,4,13,23,28,50,28,16,3,17,101
244,Blake Griffin,174,411,70,87,117,35,190,140,32,15,62,505
245,Blake Griffin,81,222,39,44,62,7,97,77,14,2,32,245
246,Blake Griffin,93,189,31,43,55,28,93,63,18,13,30,260
247,Kyle Guy,29,88,13,16,20,5,30,32,6,0,11,87
248,Rui Hachimura,310,648,45,124,161,49,263,82,44,7,68,789
249,Ashton Hagans,0,0,0,0,0,0,0,0,0,0,1,0
250,Tyrese Haliburton,292,619,121,48,56,39,134,309,77,28,92,753
251,Donta Hall,25,35,0,23,34,24,38,11,5,10,8,73
252,Josh Hall,30,99,4,22,44,6,53,28,4,1,25,86
253,R.J. Hampton,136,313,27,55,82,29,150,87,21,10,53,354
254,R.J. Hampton,25,60,5,9,12,10,40,14,5,2,11,64
255,R.J. Hampton,111,253,22,46,70,19,110,73,16,8,42,290
256,Tim Hardaway Jr.,407,911,207,142,174,20,209,126,31,11,64,1163
257,James Harden,342,734,121,278,323,35,313,475,53,33,177,1083
258,James Harden,60,135,25,53,60,5,36,83,7,6,34,198
259,James Harden,282,599,96,225,263,30,277,392,46,27,143,885
260,Maurice Harkless,69,165,23,33,43,13,76,44,30,20,22,194
261,Maurice Harkless,5,13,5,0,2,2,11,7,2,4,3,15
262,Maurice Harkless,64,152,18,33,41,11,65,37,28,16,19,179
263,Jared Harper,0,4,0,3,4,0,2,1,0,0,3,3
264,Montrezl Harrell,375,603,0,181,256,158,270,73,46,49,74,931
265,Gary Harris,138,345,48,64,78,21,58,78,28,11,37,388
266,Gary Harris,69,156,24,22,30,13,34,32,17,4,14,184
267,Gary Harris,69,189,24,42,48,8,24,46,11,7,23,204
268,Jalen Harris,36,72,17,7,9,3,15,17,8,0,14,96
269,Joe Harris,357,707,211,49,63,43,205,130,46,14,62,974
270,Tobias Harris,473,924,82,182,204,62,357,220,55,51,107,1210
271,Shaquille Harrison,26,78,3,18,22,7,41,25,17,5,11,73
272,Shaquille Harrison,6,20,0,5,6,3,6,9,2,0,5,17
273,Shaquille Harrison,20,58,3,13,16,4,35,16,15,5,6,56
274,Josh Hart,151,344,63,69,89,53,324,109,38,12,49,434
275,Isaiah Hartenstein,94,171,2,46,71,65,116,55,19,39,44,236
276,Isaiah Hartenstein,41,80,0,22,36,40,45,15,11,20,21,104
277,Isaiah Hartenstein,53,91,2,24,35,25,71,40,8,19,23,132
278,Udonis Haslem,2,2,0,0,0,0,1,0,0,0,0,4
279,Jaxson Hayes,175,280,6,93,120,92,165,35,25,38,39,449
280,Killian Hayes,71,201,20,14,17,6,63,138,27,10,83,176
281,Gordon Hayward,311,658,85,156,185,37,221,181,52,14,91,863
282,Juan Hernangómez,130,299,55,60,97,45,160,35,19,7,27,375
283,Willy Hernangómez,151,268,1,62,93,117,217,50,22,23,34,365
284,Tyler Herro,307,699,107,94,117,25,243,184,35,17,101,815
285,Buddy Hield,403,992,282,88,104,29,305,257,63,30,130,1176
286,George Hill,95,197,31,40,50,16,45,73,23,5,31,261
287,George Hill,61,120,22,21,25,8,21,43,12,2,12,165
288,George Hill,34,77,9,19,25,8,24,30,11,3,19,96
289,Solomon Hill,107,298,68,35,46,42,172,75,50,11,42,317
290,Nate Hinton,15,42,4,7,10,1,8,8,7,2,5,41
291,Jaylen Hoard,44,88,0,28,41,21,44,24,13,5,17,116
292,Aaron Holiday,170,436,67,68,83,15,74,123,46,13,66,475
293,Jrue Holiday,414,823,111,107,136,73,195,357,96,37,127,1046
294,Justin Holiday,258,625,173,67,85,32,224,119,74,41,54,756
295,Rondae Hollis-Jefferson,9,18,0,9,16,11,15,13,2,4,2,27
296,Richaun Holmes,366,575,2,135,170,144,360,101,39,96,75,869
297,Rodney Hood,94,260,34,24,28,23,80,53,24,7,36,246
298,Rodney Hood,73,201,25,9,12,18,55,47,20,4,31,180
299,Rodney Hood,21,59,9,15,16,5,25,6,4,3,5,66
300,Al Horford,162,360,56,18,22,29,159,94,25,26,29,398
301,Talen Horton-Tucker,224,489,37,100,129,25,144,181,63,21,105,585
302,Danuel House,110,272,54,41,63,18,114,69,20,16,36,315
303,Dwight Howard,178,303,5,121,210,190,390,61,30,62,112,482
304,Markus Howard,40,106,18,7,9,1,20,18,4,1,18,105
305,Kevin Huerter,316,731,140,50,64,38,193,241,82,18,79,822
306,Elijah Hughes,10,30,8,3,4,1,8,6,1,1,6,31
307,De'Andre Hunter,120,248,31,73,85,17,93,44,19,12,29,344
308,Chandler Hutchison,39,103,8,21,25,6,72,17,12,5,20,107
309,Chandler Hutchison,5,18,1,2,2,1,19,4,1,0,5,13
310,Chandler Hutchison,34,85,7,19,23,5,53,13,11,5,15,94
311,Serge Ibaka,186,365,39,43,53,73,202,74,9,47,44,454
312,Andre Iguodala,95,248,60,25,38,38,183,142,57,35,67,275
313,Ersan İlyasova,21,54,18,5,5,7,22,4,10,3,8,65
314,Joe Ingles,275,562,183,76,90,27,217,318,45,12,117,809
315,Brandon Ingram,513,1101,143,281,320,34,265,296,42,36,154,1450
316,Kyrie Irving,549,1086,152,201,218,52,205,324,76,37,130,1451
317,Wesley Iwundu,34,102,5,26,31,15,75,18,15,4,19,99
318,Wesley Iwundu,17,52,3,12,14,6,38,10,9,3,6,49
319,Wesley Iwundu,17,50,2,14,17,9,37,8,6,1,13,50
320,Frank Jackson,134,293,61,61,75,15,71,36,15,1,34,390
321,Jaren Jackson Jr.,53,125,17,35,42,17,45,12,12,18,15,158
322,Josh Jackson,296,707,77,159,218,57,197,143,53,47,142,828
323,Justin Jackson,89,221,36,31,37,16,61,52,15,2,32,245
324,Justin Jackson,86,212,34,30,35,14,57,51,15,2,31,236
325,Justin Jackson,3,9,2,1,2,2,4,1,0,0,1,9
326,Reggie Jackson,263,585,122,67,82,24,168,205,41,7,74,715
327,Justin James,52,111,14,21,36,9,21,22,8,3,15,139
328,LeBron James,422,823,104,178,255,29,317,350,48,25,168,1126
329,Mike James,34,92,11,21,27,3,29,54,6,1,20,100
330,DaQuan Jeffries,50,120,20,7,8,19,52,22,15,10,14,127
331,DaQuan Jeffries,24,57,9,6,7,9,20,6,7,4,8,63
332,DaQuan Jeffries,26,63,11,1,1,10,32,16,8,6,6,64
333,Ty Jerome,128,287,71,26,34,10,81,120,20,6,47,353
334,Isaiah Joe,48,133,39,18,24,6,30,20,12,4,11,153
335,Alize Johnson,40,68,1,13,13,27,63,14,5,5,9,94
336,Cameron Johnson,203,483,117,50,59,33,166,86,37,16,40,573
337,James Johnson,146,327,31,45,76,32,145,98,42,42,55,368
338,James Johnson,67,145,15,17,29,14,72,50,24,23,27,166
339,James Johnson,79,182,16,28,47,18,73,48,18,19,28,202
340,Keldon Johnson,338,705,60,145,196,93,319,121,40,24,78,881
341,Stanley Johnson,89,233,45,44,55,29,124,89,52,18,54,267
342,Tyler Johnson,72,183,48,18,21,6,71,47,14,0,17,210
343,Nikola Jokić,732,1293,92,342,394,205,575,599,95,48,222,1898
344,Damian Jones,70,103,1,42,58,36,85,29,11,29,26,183
345,Damian Jones,8,16,0,6,11,7,11,4,1,5,6,22
346,Damian Jones,16,17,0,11,12,8,18,1,1,7,5,43
347,Damian Jones,46,70,1,25,35,21,56,24,9,17,15,118
348,Derrick Jones Jr.,147,304,43,59,91,77,128,47,37,54,32,396
349,Mason Jones,52,123,24,40,64,7,48,42,7,1,29,168
350,Mason Jones,47,114,23,35,57,4,47,39,6,1,28,152
351,Mason Jones,5,9,1,5,7,3,1,3,1,0,1,16
352,Tre Jones,37,78,3,17,19,8,13,39,8,0,13,94
353,Tyus Jones,178,413,45,41,45,21,119,259,64,6,48,442
354,DeAndre Jordan,190,249,0,46,92,117,310,93,17,65,85,426
355,Cory Joseph,200,426,45,72,88,35,124,213,61,18,79,517
356,Cory Joseph,111,250,31,36,47,25,74,108,39,9,44,289
357,Cory Joseph,89,176,14,36,41,10,50,105,22,9,35,228
358,Mfiondu Kabengele,33,89,13,16,20,12,48,17,8,13,15,95
359,Mfiondu Kabengele,9,32,4,5,6,1,13,5,2,3,6,27
360,Mfiondu Kabengele,24,57,9,11,14,11,35,12,6,10,9,68
361,Frank Kaminsky,121,257,31,37,60,36,152,79,14,17,22,310
362,Enes Kanter,339,561,1,127,164,284,511,84,33,48,78,806
363,Luke Kennard,197,414,100,26,31,15,146,104,23,9,48,520
364,Louis King,17,34,4,6,6,5,13,9,7,3,4,44
365,Maxi Kleber,116,275,87,34,37,47,213,68,24,35,30,353
366,Nathan Knight,37,100,6,44,55,27,45,8,9,10,15,124
367,Kevin Knox,56,143,35,16,20,10,51,19,12,6,17,163
368,John Konchar,69,138,21,25,30,35,93,47,30,9,18,184
369,Furkan Korkmaz,170,424,101,60,82,17,96,82,49,9,46,501
370,Luke Kornet,44,101,15,3,6,14,53,24,4,32,7,106
371,Luke Kornet,9,27,6,2,4,1,14,4,2,7,1,26
372,Luke Kornet,35,74,9,1,2,13,39,20,2,25,6,80
373,Rodions Kurucs,11,32,6,3,4,5,18,10,9,4,13,31
374,Rodions Kurucs,1,3,1,0,0,0,3,2,0,0,0,3
375,Rodions Kurucs,5,21,2,1,2,2,9,4,6,4,9,13
376,Rodions Kurucs,5,8,3,2,2,3,6,4,3,0,4,15
377,Kyle Kuzma,335,757,137,67,97,108,309,127,35,41,113,874
378,Anthony Lamb,46,118,23,18,21,27,43,23,6,5,19,133
379,Jeremy Lamb,120,276,52,71,75,25,106,53,34,23,22,363
380,Romeo Langford,21,59,5,9,12,12,23,13,6,5,10,56
381,Zach LaVine,569,1123,200,253,298,36,253,282,46,27,203,1591
382,Jake Layman,91,184,23,26,37,13,54,28,29,19,26,231
383,T.J. Leaf,5,10,0,2,2,0,5,1,2,1,2,12
384,Jalen Lecque,1,9,0,3,3,2,3,2,0,0,0,5
385,Damion Lee,128,274,77,40,44,22,158,73,38,8,30,373
386,Saben Lee,99,210,8,61,89,20,77,174,32,13,55,267
387,Alex Len,171,278,8,73,116,78,182,49,20,64,55,423
388,Alex Len,5,10,3,3,6,0,11,3,1,6,8,16
389,Alex Len,166,268,5,70,110,78,171,46,19,58,47,407
390,Kawhi Leonard,465,908,101,261,295,55,282,269,81,21,105,1292
391,Meyers Leonard,3,7,3,1,2,0,7,2,0,0,2,10
392,Caris LeVert,359,814,84,146,180,33,181,245,66,30,102,948
393,Caris LeVert,87,200,22,26,34,10,42,72,13,6,26,222
394,Caris LeVert,272,614,62,120,146,23,139,173,53,24,76,726
395,Kira Lewis Jr.,130,337,40,43,51,12,59,124,38,10,34,343
396,Damian Lillard,602,1334,275,449,484,32,251,505,62,17,203,1928
397,Nassir Little,78,167,28,36,45,32,96,23,5,13,18,220
398,Kevon Looney,108,197,4,31,48,117,205,119,21,22,37,251
399,Brook Lopez,322,640,95,120,142,104,243,50,40,103,64,859
400,Robin Lopez,269,425,5,99,137,141,131,55,15,44,75,642
401,Didi Louzada,3,13,2,0,0,1,2,3,2,0,3,8
402,Kevin Love,103,252,57,42,51,17,169,63,16,2,38,305
403,Kyle Lowry,260,596,131,140,160,35,212,338,45,14,126,791
404,Timothé Luwawu-Cabarrot,130,356,75,35,43,28,101,69,33,6,43,370
405,Trey Lyles,43,90,14,15,23,9,77,14,6,1,6,115
406,Will Magnay,0,1,0,0,0,0,0,0,0,0,1,0
407,Thon Maker,10,18,0,10,11,8,10,4,2,4,3,30
408,Théo Maledon,226,614,105,101,135,25,186,227,56,11,141,658
409,Karim Mané,3,13,1,4,5,1,13,4,0,2,3,11
410,Terance Mann,178,350,38,78,94,56,186,104,29,13,40,472
411,Nico Mannion,39,114,22,23,28,6,40,70,16,1,31,123
412,Boban Marjanović,62,122,1,31,38,47,81,10,2,6,12,156
413,Lauri Markkanen,250,521,119,76,92,35,233,45,26,15,52,695
414,Naji Marshall,82,209,29,53,75,15,133,88,26,10,38,246
415,Caleb Martin,96,256,31,41,64,31,110,67,37,12,33,264
416,Cody Martin,83,188,16,25,43,52,109,86,37,12,40,207
417,Jeremiah Martin,9,33,3,1,5,2,5,4,5,2,6,22
418,Kelan Martin,62,138,24,9,10,18,60,17,10,10,16,157
419,Kenyon Martin Jr.,162,318,35,60,84,73,169,48,30,41,38,419
420,Frank Mason III,9,24,2,5,7,3,9,12,0,0,5,25
421,Garrison Mathews,97,237,76,84,95,16,71,26,29,7,10,354
422,Dakota Mathias,19,48,8,2,6,1,6,13,1,3,1,48
423,Wesley Matthews,89,252,66,35,41,20,73,54,38,17,26,279
424,Tyrese Maxey,198,429,31,61,70,11,93,120,26,13,41,488
425,Skylar Mays,44,98,14,22,25,10,25,30,14,2,9,124
426,Patrick McCaw,1,1,0,3,3,1,2,4,2,0,0,5
427,CJ McCollum,405,884,169,108,133,30,155,223,44,21,65,1087
428,T.J. McConnell,274,490,15,33,48,55,201,456,128,23,135,596
429,Jaden McDaniels,164,367,72,27,45,52,180,71,35,60,47,427
430,Jalen McDaniels,133,284,35,45,64,45,124,53,28,19,45,346
431,Doug McDermott,354,665,111,80,98,60,161,85,20,6,53,899
432,Sean McDermott,13,33,5,8,8,6,13,4,2,3,4,39
433,JaVale McGee,144,282,5,44,67,77,162,39,19,54,60,337
434,JaVale McGee,112,215,5,36,55,54,116,33,16,40,45,265
435,JaVale McGee,32,67,0,8,12,23,46,6,3,14,15,72
436,Rodney McGruder,37,70,11,6,8,8,14,16,8,1,7,91
437,Alfonzo McKinnie,48,93,16,10,18,22,32,6,7,0,5,122
438,Jordan McLaughlin,100,242,33,23,30,21,87,193,51,6,51,256
439,Ben McLemore,135,365,97,39,53,15,85,39,23,9,42,406
440,Ben McLemore,80,224,55,23,32,11,55,28,20,3,28,238
441,Ben McLemore,55,141,42,16,21,4,30,11,3,6,14,168
442,Nicolò Melli,46,141,23,19,25,29,93,44,14,3,12,134
443,Nicolò Melli,15,59,7,6,7,12,45,25,9,1,7,43
444,Nicolò Melli,31,82,16,13,18,17,48,19,5,2,5,91
445,De'Anthony Melton,172,393,87,41,51,30,131,132,60,31,66,472
446,Sam Merrill,32,72,21,4,4,6,24,21,8,1,10,89
447,Chimezie Metu,91,179,13,31,43,31,81,28,14,18,29,226
448,Khris Middleton,511,1074,151,212,236,54,352,370,74,9,178,1385
449,Darius Miller,22,48,17,12,12,2,22,21,13,5,8,73
450,Patty Mills,252,611,161,71,78,18,98,162,42,3,66,736
451,Paul Millsap,191,401,49,71,98,76,186,98,51,36,51,502
452,Shake Milton,300,667,71,146,176,33,115,193,39,18,103,817
453,Donovan Mitchell,478,1091,178,267,316,50,185,277,52,15,147,1401
454,Adam Mokoka,7,19,1,0,1,1,4,5,2,1,5,15
455,Malik Monk,173,399,85,59,72,14,87,87,19,4,55,490
456,E'Twaun Moore,55,121,11,12,14,14,31,40,15,5,23,133
457,Ja Morant,430,957,73,271,372,59,193,465,57,13,203,1204
458,Juwan Morgan,14,30,4,3,7,9,19,9,4,1,4,35
459,Marcus Morris,276,584,140,73,89,35,199,58,34,15,57,765
460,Markieff Morris,153,378,65,36,50,48,218,73,22,19,54,407
461,Monte Morris,186,387,51,58,73,11,85,150,34,13,34,481
462,Mychal Mulder,119,265,85,14,22,8,52,26,12,12,16,337
463,Dejounte Murray,441,974,63,106,134,58,415,363,101,7,117,1051
464,Jamal Murray,378,792,129,133,153,37,157,231,64,13,108,1018
465,Mike Muscala,119,267,68,33,36,19,113,28,8,11,21,339
466,Sviatoslav Mykhailiuk,208,506,105,38,50,24,139,110,51,12,88,559
467,Sviatoslav Mykhailiuk,84,223,57,24,30,11,63,57,27,6,39,249
468,Sviatoslav Mykhailiuk,124,283,48,14,20,13,76,53,24,6,49,310
469,Abdel Nader,57,116,18,28,37,7,55,19,10,9,19,160
470,Larry Nance Jr.,128,272,41,30,49,54,181,107,61,17,55,327
471,Aaron Nesmith,78,178,40,22,28,28,99,23,15,9,23,218
472,Raul Neto,209,447,64,75,85,28,128,146,73,6,53,557
473,Georges Niang,177,405,124,22,23,28,148,59,25,8,51,500
474,Zeke Nnaji,50,104,24,12,15,14,51,10,8,4,7,136
475,Nerlens Noel,137,223,0,50,70,142,266,46,70,141,65,324
476,Jaylen Nowell,142,335,50,45,55,19,76,62,22,12,28,379
477,Frank Ntilikina,29,79,23,8,18,6,25,19,18,4,11,89
478,Kendrick Nunn,319,658,122,56,60,21,158,148,52,14,80,816
479,James Nunnally,5,13,4,1,2,2,7,3,0,0,2,15
480,Jusuf Nurkić,171,333,12,70,113,86,246,125,38,39,73,424
481,David Nwaba,106,218,17,47,68,40,78,31,30,21,17,276
482,Jordan Nwora,62,135,28,19,25,9,51,7,16,7,24,171
483,Royce O'Neale,175,394,107,39,46,88,397,181,57,32,83,496
484,Semi Ojeleye,89,221,58,24,32,31,116,37,17,0,21,260
485,Jahlil Okafor,63,102,2,17,24,23,43,13,6,5,21,145
486,Chuma Okeke,135,324,49,30,40,42,139,101,48,22,38,349
487,Josh Okogie,102,254,29,83,108,63,93,63,54,28,43,316
488,Onyeka Okongwu,96,149,0,36,57,62,101,18,23,33,29,228
489,Isaac Okoro,235,559,62,114,157,68,138,128,62,24,86,646
490,KZ Okpala,36,96,12,8,15,21,47,19,10,11,15,92
491,Victor Oladipo,235,576,78,104,138,12,148,151,46,14,83,652
492,Victor Oladipo,64,152,25,27,37,1,50,38,15,2,18,180
493,Victor Oladipo,155,381,49,65,83,8,87,99,24,10,51,424
494,Victor Oladipo,16,43,4,12,18,3,11,14,7,2,14,48
495,Cameron Oliver,19,33,4,1,4,5,16,5,2,4,3,43
496,Kelly Olynyk,337,697,126,145,175,87,402,203,79,42,126,945
497,Kelly Olynyk,162,376,77,31,40,44,217,91,40,26,55,432
498,Kelly Olynyk,175,321,49,114,135,43,185,112,39,16,71,513
499,Miye Oni,35,99,30,5,6,23,61,28,11,8,16,105
500,Cedi Osman,219,586,99,76,95,38,163,174,53,9,80,613
501,Daniel Oturu,22,52,1,9,12,21,27,10,4,7,9,54
502,Kelly Oubre Jr.,318,724,90,123,177,82,247,73,57,42,70,849
503,Jabari Parker,30,55,2,10,13,10,32,11,1,5,10,72
504,Jabari Parker,4,7,0,0,0,1,5,1,0,1,3,8
505,Jabari Parker,26,48,2,10,13,9,27,10,1,4,7,64
506,Eric Paschall,148,298,18,67,94,28,100,51,12,7,43,381
507,Anžejs Pasečņiks,0,1,0,0,0,1,0,1,0,0,5,0
508,Patrick Patterson,72,165,40,13,17,19,56,29,14,8,11,197
509,Justin Patton,29,70,9,3,4,14,35,14,12,14,4,70
510,Chris Paul,439,879,102,169,181,25,287,622,99,19,156,1149
511,Cameron Payne,191,395,73,50,56,16,128,217,36,16,60,505
512,Elfrid Payton,269,622,28,73,107,64,152,203,47,9,103,639
513,Gary Payton II,10,13,2,3,4,2,9,1,6,1,1,25
514,Norvel Pelle,8,15,0,4,6,6,13,2,1,9,3,20
515,Norvel Pelle,3,7,0,0,0,3,4,0,0,3,3,6
516,Norvel Pelle,0,1,0,3,4,1,0,1,0,0,0,3
517,Norvel Pelle,5,7,0,1,2,2,9,1,1,6,0,11
518,Reggie Perry,32,78,4,10,13,27,46,14,6,6,15,78
519,Theo Pinson,1,9,0,0,0,0,5,1,0,0,1,2
520,Mason Plumlee,234,381,0,113,169,145,374,202,43,50,105,581
521,Jakob Poeltl,265,430,0,63,124,219,328,134,47,123,83,593
522,Vincent Poirier,3,12,0,2,6,6,8,2,0,3,4,8
523,Aleksej Pokusevski,139,408,58,31,42,30,182,97,20,42,99,367
524,Jordan Poole,205,474,97,105,119,15,77,99,26,9,51,612
525,Jontay Porter,8,15,3,3,5,4,10,1,3,1,7,22
526,Kevin Porter Jr.,156,367,50,69,94,20,79,164,19,8,91,431
527,Michael Porter Jr.,443,817,170,106,134,91,354,70,40,54,77,1162
528,Otto Porter,98,227,39,36,42,28,124,55,16,4,25,271
529,Otto Porter,89,202,38,31,37,28,110,50,12,4,25,247
530,Otto Porter,9,25,1,5,5,0,14,5,4,0,0,24
531,Bobby Portis,313,598,74,54,73,124,342,71,52,26,56,754
532,Kristaps Porziņģis,325,683,97,118,138,82,299,68,20,58,51,865
533,Dwight Powell,120,194,5,97,124,80,154,63,36,30,40,342
534,Norman Powell,438,918,171,236,271,42,173,129,82,18,119,1283
535,Norman Powell,282,566,118,141,163,19,107,77,47,8,77,823
536,Norman Powell,156,352,53,95,108,23,66,52,35,10,42,460
537,Taurean Prince,131,327,62,65,76,19,123,76,28,23,47,389
538,Taurean Prince,30,74,13,24,27,2,32,7,8,8,11,97
539,Taurean Prince,101,253,49,41,49,17,91,69,20,15,36,292
540,Payton Pritchard,184,418,102,40,45,33,125,120,37,9,53,510
541,Immanuel Quickley,229,580,118,155,174,25,112,127,30,12,58,731
542,Jahmi'us Ramsey,15,38,5,5,5,2,8,6,4,1,3,40
543,Chasson Randle,92,237,44,38,48,7,75,74,22,5,46,266
544,Julius Randle,602,1321,160,348,429,84,639,427,64,18,241,1712
545,Cam Reddish,96,263,33,67,82,22,82,35,33,9,34,292
546,J.J. Redick,106,267,66,49,52,4,60,51,11,3,36,327
547,J.J. Redick,87,214,51,45,47,3,49,40,9,2,25,270
548,J.J. Redick,19,53,15,4,5,1,11,11,2,1,11,57
549,Paul Reed,42,78,0,4,8,30,31,12,10,13,12,88
550,Naz Reid,304,581,61,115,166,82,240,72,34,76,69,784
551,Cameron Reynolds,6,18,3,0,0,2,3,2,0,0,0,15
552,Cameron Reynolds,1,2,0,0,0,0,0,0,0,0,0,2
553,Cameron Reynolds,5,16,3,0,0,2,3,2,0,0,0,13
554,Nick Richards,4,9,0,7,11,4,7,2,0,0,3,15
555,Josh Richardson,264,618,88,99,108,51,144,153,61,24,79,715
556,Grant Riller,8,12,2,0,0,0,1,3,1,0,1,18
557,Austin Rivers,104,245,55,22,31,8,74,81,30,2,36,285
558,Austin Rivers,58,135,28,10,14,5,42,42,12,0,22,154
559,Austin Rivers,46,110,27,12,17,3,32,39,18,2,14,131
560,Andre Roberson,2,14,1,1,2,7,8,4,3,1,2,6
561,Duncan Robinson,315,717,250,62,75,7,243,127,43,20,81,942
562,Glenn Robinson III,42,99,16,21,23,11,34,20,4,3,11,121
563,Jerome Robinson,28,95,11,16,20,4,34,25,12,6,19,83
564,Justin Robinson,7,21,4,3,5,1,6,9,3,0,2,21
565,Mitchell Robinson,115,176,0,26,53,113,139,17,35,45,26,256
566,Isaiah Roby,207,429,32,87,117,89,252,107,52,37,113,533
567,Rajon Rondo,95,215,36,16,17,18,92,199,37,4,79,242
568,Rajon Rondo,44,110,17,1,2,4,51,95,19,2,39,106
569,Rajon Rondo,51,105,19,15,15,14,41,104,18,2,40,136
570,Derrick Rose,287,611,50,110,127,20,110,209,49,19,78,734
571,Derrick Rose,79,184,13,42,50,6,23,63,18,4,29,213
572,Derrick Rose,208,427,37,68,77,14,87,146,31,15,49,521
573,Terrence Ross,254,616,89,120,138,15,143,108,47,21,74,717
574,Terry Rozier,510,1134,222,165,202,47,255,293,87,26,128,1407
575,Ricky Rubio,193,498,66,130,150,28,195,433,98,4,111,582
576,D'Angelo Russell,281,652,120,114,149,16,95,244,45,18,112,796
577,Domantas Sabonis,484,904,52,240,328,150,592,415,76,33,213,1260
578,Luka Šamanić,47,105,12,16,29,16,52,15,8,8,20,122
579,JaKarr Sampson,56,113,3,19,29,27,50,4,2,14,15,134
580,Dario Šarić,153,342,47,84,99,46,144,65,30,4,57,437
581,Tomáš Satoranský,169,329,42,67,79,30,112,271,40,14,96,447
582,Dennis Schröder,332,760,71,206,243,30,181,351,70,13,163,941
583,Mike Scott,76,211,53,8,12,11,109,40,24,14,19,213
584,Jay Scrubb,14,36,2,5,5,2,12,1,4,0,7,35
585,Collin Sexton,525,1105,98,312,383,58,129,262,62,10,167,1460
586,Landry Shamet,186,456,129,66,78,11,101,99,31,10,48,567
587,Iman Shumpert,1,4,0,0,0,1,0,0,1,0,1,2
588,Pascal Siakam,437,961,73,249,301,95,310,250,64,37,130,1196
589,Chris Silva,10,16,1,11,15,7,20,6,1,6,10,32
590,Chris Silva,9,13,1,11,15,7,18,6,1,5,9,30
591,Chris Silva,1,3,0,0,0,0,2,0,0,1,1,2
592,Ben Simmons,325,583,3,176,287,93,324,401,93,35,173,829
593,Anfernee Simons,168,401,120,46,57,14,126,89,18,8,43,502
594,Deividas Sirvydis,14,40,10,3,6,0,29,5,2,0,5,41
595,Alen Smailagić,11,27,4,2,6,6,10,4,3,5,5,28
596,Marcus Smart,203,510,93,128,162,36,131,273,72,23,96,627
597,Dennis Smith Jr.,58,145,19,19,26,12,43,77,23,14,26,154
598,Dennis Smith Jr.,2,10,0,5,6,0,2,3,3,0,1,9
599,Dennis Smith Jr.,56,135,19,14,20,12,41,74,20,14,25,145
600,Ish Smith,129,297,18,19,33,22,128,172,32,13,41,295
601,Jalen Smith,22,50,4,5,7,7,30,4,1,5,7,53
602,Tony Snell,88,171,62,11,11,18,94,59,13,11,21,249
603,Ray Spalding,2,4,0,0,2,2,2,0,0,2,3,4
604,Cassius Stanley,13,43,3,7,9,8,12,1,1,2,1,36
605,Lamar Stevens,62,136,4,37,51,24,72,25,17,13,23,165
606,Isaiah Stewart,226,409,21,64,92,159,294,59,39,86,67,537
607,Max Strus,85,187,50,16,24,5,36,24,11,2,8,236
608,Edmond Sumner,148,282,35,68,83,18,76,49,33,10,51,399
609,Jae'Sean Tate,316,625,60,102,147,132,242,178,85,36,98,794
610,Jayson Tatum,605,1318,187,295,340,50,422,276,75,31,171,1692
611,Jeff Teague,123,284,36,89,105,15,73,132,34,12,64,371
612,Jeff Teague,78,188,26,51,61,10,47,73,26,7,39,233
613,Jeff Teague,45,96,10,38,44,5,26,59,8,5,25,138
614,Garrett Temple,158,381,67,40,50,29,131,124,43,30,58,423
615,Tyrell Terry,5,16,0,1,3,0,6,6,5,0,2,11
616,Daniel Theis,252,466,49,74,110,93,263,108,41,57,66,627
617,Daniel Theis,159,288,33,46,67,54,166,67,25,43,41,397
618,Daniel Theis,93,178,16,28,43,39,97,41,16,14,25,230
619,Brodric Thomas,39,108,16,31,46,8,45,30,15,10,22,125
620,Brodric Thomas,2,7,1,5,7,1,3,4,1,1,4,10
621,Brodric Thomas,37,101,15,26,39,7,42,26,14,9,18,115
622,Isaiah Thomas,9,27,3,2,2,1,3,5,1,0,6,23
623,Khyri Thomas,32,66,9,9,9,7,11,25,9,6,6,82
624,Matt Thomas,50,127,27,12,14,7,37,19,4,0,14,139
625,Matt Thomas,24,62,17,6,7,3,18,9,2,0,6,71
626,Matt Thomas,26,65,10,6,7,4,19,10,2,0,8,68
627,Tristan Thompson,169,326,0,71,120,169,270,67,24,33,62,409
628,Sindarius Thornwell,15,46,7,4,8,3,15,21,13,2,7,41
629,Sindarius Thornwell,7,21,3,0,2,1,4,4,5,1,4,17
630,Sindarius Thornwell,8,25,4,4,6,2,11,17,8,1,3,24
631,Matisse Thybulle,102,243,43,8,18,30,94,63,105,71,32,255
632,Killian Tillie,19,57,10,9,11,6,18,8,5,8,2,57
633,Xavier Tillman Sr.,167,299,22,34,53,74,182,75,44,33,45,390
634,Anthony Tolliver,4,17,4,5,6,3,7,2,3,2,3,17
635,Obi Toppin,104,209,26,19,26,26,112,29,17,15,23,253
636,Juan Toscano-Anderson,121,209,37,22,31,29,205,150,41,26,61,301
637,Axel Toupane,4,11,1,5,7,0,6,4,2,3,0,14
638,Karl-Anthony Towns,425,875,122,267,311,133,396,225,39,57,160,1239
639,Gary Trent Jr.,320,785,165,83,106,27,125,80,56,10,43,888
640,Gary Trent Jr.,217,524,121,58,75,21,70,58,37,6,31,613
641,Gary Trent Jr.,103,261,44,25,31,6,55,22,19,4,12,275
642,P.J. Tucker,66,177,40,21,28,51,153,61,39,20,40,193
643,P.J. Tucker,48,131,27,18,23,33,115,45,29,18,33,141
644,P.J. Tucker,18,46,13,3,5,18,38,16,10,2,7,52
645,Rayjon Tucker,9,18,2,14,19,1,10,6,2,0,4,34
646,Myles Turner,206,432,69,111,142,63,243,48,40,159,67,592
647,Jonas Valančiūnas,440,743,21,157,203,253,523,112,35,57,100,1058
648,Denzel Valentine,155,416,80,16,17,24,173,105,30,7,42,406
649,Jarred Vanderbilt,143,236,1,57,102,118,250,76,64,46,53,344
650,Fred VanVleet,338,870,174,169,191,32,188,328,87,37,95,1019
651,Anderson Varejão,4,16,0,5,9,7,13,3,0,2,1,13
652,Devin Vassell,123,303,52,43,51,24,150,56,43,18,22,341
653,Gabe Vincent,88,233,46,20,23,10,46,67,21,2,34,242
654,Noah Vonleh,0,3,0,0,0,0,1,1,0,0,2,0
655,Nikola Vučević,666,1396,176,131,156,146,671,269,65,48,126,1639
656,Nikola Vučević,436,908,117,91,110,87,430,167,42,28,83,1080
657,Nikola Vučević,230,488,59,40,46,59,241,102,23,20,43,559
658,Dean Wade,134,311,78,30,39,38,177,74,35,21,30,376
659,Moritz Wagner,104,229,31,71,87,27,119,50,26,18,43,310
660,Moritz Wagner,62,122,13,41,52,13,60,32,22,8,21,178
661,Moritz Wagner,4,14,2,1,2,3,16,6,0,1,9,11
662,Moritz Wagner,38,93,16,29,33,11,43,12,4,9,13,121
663,Kemba Walker,284,676,127,134,149,16,154,212,48,12,88,829
664,Lonnie Walker,256,609,100,57,70,14,141,101,29,15,65,669
665,John Wall,293,726,79,158,211,17,112,275,42,31,141,823
666,Brad Wanamaker,115,299,16,90,101,18,87,174,43,11,71,336
667,Brad Wanamaker,61,173,13,50,56,8,58,99,26,6,37,185
668,Brad Wanamaker,54,126,3,40,45,10,29,75,17,5,34,151
669,T.J. Warren,27,51,0,8,10,2,12,5,2,0,4,62
670,P.J. Washington,302,686,112,108,145,93,325,161,69,79,128,824
671,Yuta Watanabe,79,180,36,24,29,36,123,40,26,19,19,218
672,Tremont Waters,34,84,15,16,17,5,16,62,15,1,27,99
673,Paul Watson,38,82,30,5,8,4,41,17,6,3,9,111
674,Quinndary Weatherspoon,16,35,1,13,16,3,8,8,8,2,10,46
675,Russell Westbrook,544,1238,86,271,413,109,641,763,89,23,312,1445
676,Coby White,375,902,163,128,142,28,256,328,38,15,156,1041
677,Derrick White,186,453,84,97,114,13,94,127,26,36,45,553
678,Hassan Whiteside,126,224,0,41,79,61,154,20,9,46,40,293
679,Greg Whittington,0,3,0,0,0,0,0,0,0,0,0,0
680,Andrew Wiggins,505,1058,140,170,238,82,265,167,67,70,126,1320
681,Grant Williams,108,247,48,30,51,48,130,64,32,24,56,294
682,Kenrich Williams,219,411,52,36,63,84,189,152,55,17,76,526
683,Lou Williams,265,646,69,150,173,21,117,225,47,6,108,749
684,Lou Williams,181,430,45,103,119,15,73,144,39,4,66,510
685,Lou Williams,84,216,24,47,54,6,44,81,8,2,42,239
686,Patrick Williams,255,528,54,91,125,66,261,99,64,46,98,655
687,Robert Williams,186,258,0,45,73,133,225,94,43,91,52,417
688,Zion Williamson,634,1037,10,369,529,167,274,226,57,39,167,1647
689,D.J. Wilson,68,168,30,17,25,20,92,23,11,16,22,183
690,D.J. Wilson,16,43,10,1,2,3,22,3,1,4,4,43
691,D.J. Wilson,52,125,20,16,23,17,70,20,10,12,18,140
692,Dylan Windler,57,130,26,21,27,20,87,33,19,12,32,161
693,Justise Winslow,74,210,10,20,35,18,100,50,15,12,37,178
694,Cassius Winston,14,33,8,5,6,0,9,12,2,1,5,41
695,James Wiseman,191,368,12,54,86,55,171,26,11,36,60,448
696,Christian Wood,329,640,77,125,198,76,319,71,34,48,80,860
697,Robert Woodard,8,20,1,3,8,4,12,2,0,3,1,20
698,Delon Wright,240,518,64,101,126,65,204,278,101,30,83,645
699,Delon Wright,136,293,31,71,90,37,127,181,58,19,48,374
700,Delon Wright,104,225,33,30,36,28,77,97,43,11,35,271
701,Thaddeus Young,370,662,12,71,113,168,255,291,74,40,137,823
702,Trae Young,487,1112,136,484,546,38,207,594,53,12,261,1594
703,Cody Zeller,181,324,4,85,119,119,209,86,27,17,51,451
704,Ivica Zubac,257,394,1,135,171,189,330,90,24,62,81,650
